protein1,protein2,combined_score
9606.ENSP00000188790,9606.ENSP00000346839,705
9606.ENSP00000212015,9606.ENSP00000354558,937
9606.ENSP00000212015,9606.ENSP00000495360,902
9606.ENSP00000212015,9606.ENSP00000216117,733
9606.ENSP00000212015,9606.ENSP00000297494,841
9606.ENSP00000212015,9606.ENSP00000437955,927
9606.ENSP00000212015,9606.ENSP00000360266,927
9606.ENSP00000216037,9606.ENSP00000262947,781
9606.ENSP00000216037,9606.ENSP00000437955,988
9606.ENSP00000216037,9606.ENSP00000307235,909
9606.ENSP00000216037,9606.ENSP00000401303,772
9606.ENSP00000216117,9606.ENSP00000297494,770
9606.ENSP00000216117,9606.ENSP00000212015,733
9606.ENSP00000216117,9606.ENSP00000360266,798
9606.ENSP00000216117,9606.ENSP00000437955,701
9606.ENSP00000216181,9606.ENSP00000464087,892
9606.ENSP00000216181,9606.ENSP00000458162,978
9606.ENSP00000219070,9606.ENSP00000269571,738
9606.ENSP00000219070,9606.ENSP00000364979,821
9606.ENSP00000219070,9606.ENSP00000308208,997
9606.ENSP00000219070,9606.ENSP00000495360,803
9606.ENSP00000219070,9606.ENSP00000264498,802
9606.ENSP00000219070,9606.ENSP00000223095,755
9606.ENSP00000219070,9606.ENSP00000379350,755
9606.ENSP00000219070,9606.ENSP00000282397,731
9606.ENSP00000219070,9606.ENSP00000306512,814
9606.ENSP00000219070,9606.ENSP00000261023,835
9606.ENSP00000219070,9606.ENSP00000362680,972
9606.ENSP00000219070,9606.ENSP00000346032,826
9606.ENSP00000219070,9606.ENSP00000352798,960
9606.ENSP00000219070,9606.ENSP00000346839,756
9606.ENSP00000219070,9606.ENSP00000356954,839
9606.ENSP00000219070,9606.ENSP00000437955,731
9606.ENSP00000219070,9606.ENSP00000353654,783
9606.ENSP00000219070,9606.ENSP00000225831,704
9606.ENSP00000219070,9606.ENSP00000457421,750
9606.ENSP00000219070,9606.ENSP00000317272,703
9606.ENSP00000219070,9606.ENSP00000260356,985
9606.ENSP00000222145,9606.ENSP00000378015,754
9606.ENSP00000222747,9606.ENSP00000434034,997
9606.ENSP00000222747,9606.ENSP00000495811,997
9606.ENSP00000223095,9606.ENSP00000306512,736
9606.ENSP00000223095,9606.ENSP00000219070,755
9606.ENSP00000223095,9606.ENSP00000312652,851
9606.ENSP00000223095,9606.ENSP00000264498,741
9606.ENSP00000223095,9606.ENSP00000260356,819
9606.ENSP00000223095,9606.ENSP00000346032,790
9606.ENSP00000223095,9606.ENSP00000346839,790
9606.ENSP00000223095,9606.ENSP00000356954,819
9606.ENSP00000223095,9606.ENSP00000225831,918
9606.ENSP00000225831,9606.ENSP00000499900,781
9606.ENSP00000225831,9606.ENSP00000219070,704
9606.ENSP00000225831,9606.ENSP00000312652,769
9606.ENSP00000225831,9606.ENSP00000264498,732
9606.ENSP00000225831,9606.ENSP00000223095,918
9606.ENSP00000225831,9606.ENSP00000362179,737
9606.ENSP00000225831,9606.ENSP00000275493,725
9606.ENSP00000225831,9606.ENSP00000282397,791
9606.ENSP00000225831,9606.ENSP00000306512,999
9606.ENSP00000225831,9606.ENSP00000362680,733
9606.ENSP00000225831,9606.ENSP00000360266,980
9606.ENSP00000225831,9606.ENSP00000263923,758
9606.ENSP00000225831,9606.ENSP00000369375,713
9606.ENSP00000225831,9606.ENSP00000346839,723
9606.ENSP00000225831,9606.ENSP00000280357,881
9606.ENSP00000225831,9606.ENSP00000472467,996
9606.ENSP00000225831,9606.ENSP00000362795,998
9606.ENSP00000225831,9606.ENSP00000260356,742
9606.ENSP00000228837,9606.ENSP00000351209,718
9606.ENSP00000228837,9606.ENSP00000263923,929
9606.ENSP00000228837,9606.ENSP00000297261,797
9606.ENSP00000228837,9606.ENSP00000265171,988
9606.ENSP00000228837,9606.ENSP00000346839,799
9606.ENSP00000228837,9606.ENSP00000261799,894
9606.ENSP00000228837,9606.ENSP00000369375,848
9606.ENSP00000228837,9606.ENSP00000457421,728
9606.ENSP00000228837,9606.ENSP00000326737,716
9606.ENSP00000228837,9606.ENSP00000363827,948
9606.ENSP00000228837,9606.ENSP00000317272,865
9606.ENSP00000228837,9606.ENSP00000480791,741
9606.ENSP00000228837,9606.ENSP00000393312,999
9606.ENSP00000228837,9606.ENSP00000257290,863
9606.ENSP00000228837,9606.ENSP00000410294,997
9606.ENSP00000228837,9606.ENSP00000269571,822
9606.ENSP00000228837,9606.ENSP00000428340,726
9606.ENSP00000228837,9606.ENSP00000288135,848
9606.ENSP00000228837,9606.ENSP00000261937,912
9606.ENSP00000228837,9606.ENSP00000265371,823
9606.ENSP00000228837,9606.ENSP00000293825,787
9606.ENSP00000228837,9606.ENSP00000275493,924
9606.ENSP00000228837,9606.ENSP00000282397,875
9606.ENSP00000228837,9606.ENSP00000306512,755
9606.ENSP00000229795,9606.ENSP00000395708,917
9606.ENSP00000229795,9606.ENSP00000300651,929
9606.ENSP00000229795,9606.ENSP00000262948,951
9606.ENSP00000229795,9606.ENSP00000360266,992
9606.ENSP00000229795,9606.ENSP00000362680,818
9606.ENSP00000229795,9606.ENSP00000341189,941
9606.ENSP00000229795,9606.ENSP00000275493,799
9606.ENSP00000229795,9606.ENSP00000302486,970
9606.ENSP00000229795,9606.ENSP00000346671,749
9606.ENSP00000229795,9606.ENSP00000495360,838
9606.ENSP00000229795,9606.ENSP00000447297,761
9606.ENSP00000231948,9606.ENSP00000483570,836
9606.ENSP00000231948,9606.ENSP00000360266,710
9606.ENSP00000231948,9606.ENSP00000307900,812
9606.ENSP00000232003,9606.ENSP00000260356,786
9606.ENSP00000238497,9606.ENSP00000264933,857
9606.ENSP00000242159,9606.ENSP00000484411,856
9606.ENSP00000242159,9606.ENSP00000272369,907
